{"stats":{"minecraft:killed":{"minecraft:cave_spider":1,"minecraft:pig":6,"minecraft:spider":2,"minecraft:creeper":4,"minecraft:skeleton":8,"minecraft:goat":1,"minecraft:zombie":12,"minecraft:cow":12},"minecraft:picked_up":{"minecraft:wooden_axe":1,"minecraft:crafting_table":6,"iceandfire:copper_sword":1,"minecraft:golden_carrot":5,"minecraft:leather":9,"minecraft:smoker":1,"minecraft:flint":1,"minecraft:oak_log":6,"minecraft:gunpowder":1,"minecraft:dirt":16,"minecraft:string":4,"minecraft:raw_copper":73,"minecraft:bone":8,"minecraft:wheat_seeds":3,"minecraft:beef":21,"minecraft:furnace":3,"minecraft:stick":9,"minecraft:raw_iron":16,"minecraft:torch":7,"minecraft:porkchop":10,"minecraft:spruce_sapling":8,"tombstone:grave_dust":4,"minecraft:spruce_log":24,"minecraft:spider_eye":1,"minecraft:arrow":8,"minecraft:rotten_flesh":15,"minecraft:oak_sapling":3,"minecraft:coal":206,"iceandfire:raw_silver":4,"minecraft:cobblestone":50},"minecraft:crafted":{"minecraft:cooked_beef":8,"minecraft:wooden_sword":1,"spartanweaponry:copper_saber":1,"minecraft:crafting_table":1,"minecraft:spruce_planks":16,"minecraft:wooden_pickaxe":1,"minecraft:furnace":2,"spartanweaponry:handle":1,"minecraft:copper_ingot":10,"iceandfire:copper_sword":1,"runecraft_metals_of_gielinor:mithril_sword":1,"minecraft:stone_axe":1,"minecraft:air":0,"minecraft:stick":8,"minecraft:iron_ingot":14,"minecraft:stone_pickaxe":1,"minecraft:wooden_axe":1,"minecraft:torch":4,"create_sa:copper_pickaxe":1,"minecraft:smoker":1},"minecraft:dropped":{"spartanweaponry:copper_saber":1,"minecraft:wheat_seeds":3,"minecraft:cooked_beef":2,"alexsmobs:animal_dictionary":1,"minecraft:gunpowder":1,"iceandfire:copper_sword":1,"minecraft:golden_carrot":5,"minecraft:wooden_axe":2,"minecraft:oak_sapling":3,"tombstone:grave_dust":4,"minecraft:wooden_sword":1,"minecraft:spider_eye":1,"minecraft:stone_pickaxe":1,"minecraft:wooden_pickaxe":1},"minecraft:killed_by":{"minecraft:skeleton":1,"minecraft:zombie":2},"minecraft:used":{"minecraft:stone_pickaxe":119,"minecraft:wooden_pickaxe":8,"create_sa:copper_pickaxe":29,"minecraft:torch":7,"minecraft:dirt":4,"minecraft:crafting_table":6,"minecraft:spruce_log":3,"minecraft:smoker":1,"minecraft:wooden_axe":5,"runecraft_metals_of_gielinor:mithril_sword":79,"minecraft:stone_axe":26,"minecraft:wooden_sword":1,"minecraft:golden_carrot":8,"minecraft:cobblestone":7,"minecraft:furnace":3,"spartanweaponry:copper_saber":20,"minecraft:cooked_beef":6,"minecraft:golden_axe":2},"minecraft:mined":{"iceandfire:silver_ore":4,"minecraft:smoker":1,"minecraft:crafting_table":6,"minecraft:torch":1,"minecraft:grass_block":4,"minecraft:tall_grass":3,"minecraft:copper_ore":16,"minecraft:cobblestone":8,"minecraft:spruce_leaves":9,"steam_powered:tin_ore":1,"minecraft:wall_torch":6,"minecraft:furnace":3,"minecraft:iron_ore":16,"minecraft:ice":2,"minecraft:spruce_log":6,"minecraft:grass":17,"minecraft:coal_ore":63,"minecraft:gravel":1,"minecraft:stone":37},"minecraft:custom":{"minecraft:interact_with_furnace":14,"minecraft:mob_kills":47,"minecraft:interact_with_crafting_table":17,"minecraft:damage_dealt_resisted":38,"minecraft:leave_game":2,"minecraft:time_since_death":10610,"minecraft:time_since_rest":10371,"minecraft:sprint_one_cm":151932,"minecraft:damage_taken":1780,"minecraft:walk_one_cm":98507,"minecraft:drop":19,"minecraft:damage_dealt":7329,"minecraft:swim_one_cm":18812,"minecraft:fly_one_cm":269319,"minecraft:open_chest":1,"minecraft:crouch_one_cm":27336,"minecraft:play_time":69903,"tombstone:undead_killed":20,"minecraft:deaths":3,"minecraft:sneak_time":6226,"minecraft:walk_under_water_one_cm":3117,"minecraft:jump":1578,"minecraft:walk_on_water_one_cm":5502,"minecraft:total_world_time":69903,"minecraft:interact_with_smoker":7,"minecraft:fall_one_cm":46464}},"DataVersion":3465}