{"stats":{"minecraft:custom":{"minecraft:interact_with_crafting_table":125,"minecraft:open_barrel":3,"minecraft:bell_ring":8,"minecraft:leave_game":6,"minecraft:time_since_death":0,"minecraft:sprint_one_cm":781586,"minecraft:damage_blocked_by_shield":252,"minecraft:drop":214,"minecraft:talked_to_villager":163,"minecraft:play_time":285183,"minecraft:deaths":18,"minecraft:jump":5675,"minecraft:walk_on_water_one_cm":33992,"minecraft:interact_with_furnace":64,"minecraft:traded_with_villager":303,"minecraft:sleep_in_bed":5,"minecraft:damage_dealt":30497,"minecraft:player_kills":5,"minecraft:crouch_one_cm":124071,"tombstone:undead_killed":67,"minecraft:interact_with_smoker":47,"minecraft:mob_kills":181,"minecraft:damage_dealt_resisted":327,"minecraft:climb_one_cm":53,"minecraft:walk_one_cm":479041,"minecraft:damage_dealt_absorbed":160,"minecraft:sneak_time":30610,"minecraft:walk_under_water_one_cm":7433,"minecraft:interact_with_blast_furnace":38,"minecraft:total_world_time":285183,"minecraft:interact_with_stonecutter":1,"minecraft:time_since_rest":16,"minecraft:damage_taken":10427,"minecraft:damage_absorbed":40,"minecraft:swim_one_cm":47735,"minecraft:fly_one_cm":1153341,"minecraft:open_chest":304,"minecraft:fall_one_cm":147808},"minecraft:killed_by":{"minecraft:creeper":1,"minecraft:pillager":1,"minecraft:zombie":8,"alexsmobs:bison":1,"minecraft:skeleton":5},"minecraft:killed":{"minecraft:cave_spider":2,"minecraft:spider":14,"alexsmobs:murmur":1,"minecraft:skeleton":30,"minecraft:chicken":10,"alexsmobs:centipede_head":1,"minecraft:pig":19,"minecraft:creeper":9,"minecraft:sheep":24,"minecraft:pillager":2,"minecraft:zombie":57,"minecraft:cow":7,"alexsmobs:bison":2,"minecraft:enderman":1},"minecraft:mined":{"create:deepslate_zinc_ore":10,"minecraft:spruce_planks":4,"minecraft:oak_sapling":6,"minecraft:farmland":4,"create:andesite_casing":4,"runecraft_metals_of_gielinor:runite_ore":1,"minecraft:spruce_trapdoor":10,"minecraft:granite":1,"runecraft_metals_of_gielinor:deepslate_runite_ore":19,"minecraft:grass_block":78,"minecraft:composter":5,"minecraft:spawner":1,"minecraft:iron_ore":56,"minecraft:deepslate_lapis_ore":4,"minecraft:fletching_table":2,"minecraft:dirt_path":1,"runecraft_metals_of_gielinor:deepslate_mithril_ore":29,"minecraft:smoker":6,"minecraft:torch":2,"minecraft:blast_furnace":11,"minecraft:glass":14,"minecraft:cobblestone":1,"minecraft:oak_planks":2,"minecraft:sugar_cane":5,"minecraft:wall_torch":4,"minecraft:wheat":10,"minecraft:lilac":7,"biomesoplenty:fir_log":4,"runecraft_metals_of_gielinor:tin_ore":8,"minecraft:grass":73,"minecraft:oak_log":7,"create:framed_glass_trapdoor":2,"minecraft:sand":301,"minecraft:dirt":58,"biomesoplenty:fir_sapling":2,"minecraft:oak_leaves":19,"minecraft:deepslate":15,"minecraft:tuff":3,"minecraft:mossy_cobblestone":1,"minecraft:deepslate_diamond_ore":3,"farmersdelight:wild_carrots":3,"biomesoplenty:bush":1,"steam_powered:tin_ore":1,"minecraft:redstone_ore":4,"minecraft:spruce_sapling":2,"minecraft:furnace":5,"minecraft:andesite":144,"runecraft_metals_of_gielinor:deepslate_adamantite_ore":13,"minecraft:bookshelf":4,"minecraft:potatoes":13,"minecraft:deepslate_iron_ore":32,"minecraft:stone":185,"minecraft:white_wool":1,"minecraft:smithing_table":2,"quark:oak_chest":3,"minecraft:crafting_table":7,"biomesoplenty:fir_planks":2,"morevillagers:oceanography_table":1,"minecraft:lectern":34,"minecraft:tall_grass":5,"minecraft:copper_ore":31,"minecraft:lapis_ore":10,"biomesoplenty:sprout":41,"minecraft:deepslate_gold_ore":20,"minecraft:diorite":1,"minecraft:purple_bed":1,"minecraft:spruce_log":2,"minecraft:yellow_bed":1,"minecraft:coal_ore":104,"biomesoplenty:fir_trapdoor":1,"minecraft:sunflower":1,"minecraft:gravel":52,"minecraft:cobweb":14,"minecraft:gold_ore":10,"minecraft:fern":2},"minecraft:dropped":{"minecraft:cooked_beef":4,"minecraft:oak_log":26,"runecraft_metals_of_gielinor:mithril_sword":1,"minecraft:red_wool":1,"alexsmobs:bison_fur":4,"biomesoplenty:fir_sapling":117,"minecraft:emerald":32,"create_sa:copper_pickaxe":1,"minecraft:dirt":5,"spartanweaponry:copper_battle_hammer":1,"minecraft:sunflower":1,"minecraft:bone_meal":2,"minecraft:sand":145,"minecraft:birch_log":4,"quark:oak_chest":3,"minecraft:gravel":9,"minecraft:stone_axe":1,"minecraft:sugar_cane":3,"minecraft:cooked_chicken":1,"alexsmobs:animal_dictionary":4,"runecraft_metals_of_gielinor:mithril_pickaxe":1,"tombstone:gift":2,"minecraft:rotten_flesh":8,"minecraft:oak_planks":88,"minecraft:cooked_mutton":14,"minecraft:azure_bluet":2,"minecraft:poppy":2,"steam_powered:steam_handbook":1,"minecraft:gunpowder":1,"runecraft_metals_of_gielinor:mithril_armor_helmet":1,"minecraft:chainmail_boots":39,"runecraft_metals_of_gielinor:mithril_armor_chestplate":1,"minecraft:beef":6,"minecraft:arrow":1,"create_sa:copper_axe":1,"iceandfire:armor_copper_metal_leggings":2,"minecraft:iron_ingot":25,"spartanweaponry:handle":1,"minecraft:wheat_seeds":44,"minecraft:golden_helmet":1,"minecraft:lilac":16,"minecraft:feather":6,"minecraft:iron_helmet":1,"minecraft:cobblestone":26,"minecraft:copper_ingot":18,"minecraft:coal":29,"minecraft:stick":16,"minecraft:gray_wool":3,"quark:clear_shard":2,"runecraft_metals_of_gielinor:mithril_kiteshield":1,"minecraft:wooden_axe":8,"minecraft:rose_bush":2,"tombstone:grave_dust":10,"runecraft_metals_of_gielinor:mithril_ingot":1,"spartanweaponry:stone_greatsword":3,"minecraft:spruce_sapling":4,"minecraft:dandelion":5,"minecraft:furnace":2,"minecraft:stone_sword":2,"minecraft:raw_copper":39,"minecraft:tuff":1,"minecraft:raw_iron":14,"minecraft:chicken":1,"minecraft:iron_boots":24,"runecraft_metals_of_gielinor:mithril_mace":1,"minecraft:iron_chestplate":1,"minecraft:oak_sapling":11,"minecraft:spider_eye":4,"sophisticatedbackpacks:copper_backpack":1,"minecraft:bow":1,"minecraft:stone_pickaxe":3,"minecraft:wooden_pickaxe":2,"minecraft:raw_gold":21,"biomesoplenty:fir_log":2},"minecraft:broken":{"create_sa:copper_axe":3,"minecraft:stone_pickaxe":1,"minecraft:stone_hoe":1,"minecraft:iron_axe":2},"minecraft:used":{"minecraft:iron_shovel":28,"create_sa:copper_pickaxe":103,"minecraft:iron_chestplate":2,"minecraft:carrot":2,"create:depot":1,"minecraft:glass":271,"runecraft_metals_of_gielinor:mithril_axe":5,"minecraft:lava_bucket":1,"biomesoplenty:fir_sapling":22,"minecraft:iron_helmet":1,"create:shaft":1,"minecraft:furnace":7,"runecraft_metals_of_gielinor:mithril_armor_chestplate":3,"biomesoplenty:fir_trapdoor":13,"minecraft:egg":1,"minecraft:potato":88,"minecraft:stone_pickaxe":200,"minecraft:oak_planks":13,"minecraft:wooden_pickaxe":4,"biomesoplenty:fir_planks":10,"minecraft:composter":4,"minecraft:sugar_cane":10,"minecraft:white_wool":1,"minecraft:golden_apple":1,"create_sa:copper_axe":56,"minecraft:sand":8,"minecraft:blast_furnace":11,"runecraft_metals_of_gielinor:mithril_kiteshield":13,"minecraft:bread":4,"minecraft:lectern":35,"spartanweaponry:copper_battle_hammer":27,"minecraft:smithing_table":1,"create:vertical_gearbox":2,"minecraft:bone_meal":48,"runecraft_metals_of_gielinor:runite_sword":118,"minecraft:stone_sword":13,"runecraft_metals_of_gielinor:mithril_shovel":209,"iceandfire:armor_copper_metal_leggings":1,"minecraft:spruce_planks":20,"vanillaplustools:stone_hammer":16,"minecraft:stone_hoe":184,"minecraft:cooked_chicken":10,"minecraft:torch":13,"minecraft:dirt":148,"spartanweaponry:stone_greatsword":64,"minecraft:wooden_axe":24,"quark:spruce_chest":2,"minecraft:iron_axe":74,"minecraft:diamond_chestplate":1,"tombstone:gift":2,"minecraft:cooked_beef":13,"minecraft:cobbled_deepslate":10,"runecraft_metals_of_gielinor:mithril_armor_helmet":1,"minecraft:wheat_seeds":26,"minecraft:cooked_mutton":23,"minecraft:water_bucket":10,"runecraft_metals_of_gielinor:mithril_mace":50,"runecraft_metals_of_gielinor:runite_shovel":219,"minecraft:stonecutter":1,"minecraft:fletching_table":4,"minecraft:cobblestone_slab":11,"create:framed_glass_trapdoor":5,"minecraft:mossy_cobblestone":1,"create:encased_fan":1,"minecraft:crafting_table":10,"runecraft_metals_of_gielinor:runite_pickaxe":110,"minecraft:white_bed":7,"minecraft:smoker":7,"minecraft:spruce_log":1,"minecraft:oak_log":2,"minecraft:apple":1,"create:mechanical_press":1,"create:water_wheel":2,"minecraft:spruce_trapdoor":5,"runecraft_metals_of_gielinor:mithril_pickaxe":214,"runecraft_metals_of_gielinor:mithril_sword":28,"minecraft:stone_axe":50,"minecraft:cobblestone":4,"minecraft:cooked_porkchop":28,"minecraft:bucket":12,"minecraft:yellow_bed":1,"quark:oak_chest":5,"create:hand_crank":1,"biomesoplenty:fir_log":6,"minecraft:gray_wool":1,"minecraft:diamond_leggings":1},"minecraft:picked_up":{"minecraft:wheat":14,"minecraft:chainmail_boots":1,"minecraft:smithing_table":2,"steam_powered:steam_handbook":4,"biomesoplenty:fir_trapdoor":1,"minecraft:string":33,"minecraft:raw_copper":196,"minecraft:cobbled_deepslate":31,"biomesoplenty:fir_planks":2,"minecraft:spruce_planks":4,"minecraft:rose_bush":2,"minecraft:furnace":6,"minecraft:golden_helmet":1,"minecraft:stick":188,"minecraft:composter":5,"iceandfire:armor_copper_metal_leggings":1,"minecraft:torch":16,"create:andesite_casing":4,"minecraft:porkchop":66,"tombstone:grave_dust":11,"minecraft:diorite":1,"minecraft:stone_sword":2,"quark:clear_shard":43,"minecraft:rotten_flesh":45,"runecraft_metals_of_gielinor:raw_runite":20,"spartanweaponry:stone_greatsword":3,"minecraft:cobblestone":536,"minecraft:birch_log":8,"minecraft:feather":34,"minecraft:lilac":17,"minecraft:andesite":142,"runecraft_metals_of_gielinor:mithril_sword":1,"alexsmobs:bison_fur":6,"biomesoplenty:fir_log":979,"minecraft:potato":88,"minecraft:smoker":13,"biomesoplenty:fir_sapling":203,"minecraft:flint":4,"minecraft:tuff":3,"create:raw_zinc":10,"minecraft:lapis_lazuli":158,"minecraft:dirt":334,"minecraft:glass":80,"minecraft:bone":34,"morevillagers:oceanography_table":1,"minecraft:bow":1,"minecraft:wheat_seeds":103,"minecraft:raw_gold":31,"create_sa:copper_pickaxe":3,"minecraft:fletching_table":2,"minecraft:oak_planks":221,"minecraft:cooked_porkchop":27,"minecraft:sand":341,"sophisticatedbackpacks:iron_backpack":1,"alexsmobs:animal_dictionary":16,"minecraft:mossy_cobblestone":1,"minecraft:bundle":1,"minecraft:diamond":3,"create_sa:copper_axe":1,"runecraft_metals_of_gielinor:raw_mithril":45,"minecraft:granite":1,"minecraft:bone_meal":2,"minecraft:emerald":25,"minecraft:oak_sapling":29,"minecraft:crafting_table":14,"minecraft:azure_bluet":2,"minecraft:chicken":52,"minecraft:wooden_pickaxe":2,"minecraft:iron_shovel":4,"spartanweaponry:copper_battle_hammer":2,"minecraft:beef":37,"alexsmobs:elastic_tendon":1,"minecraft:poppy":2,"minecraft:lectern":34,"minecraft:sugar_cane":93,"runecraft_metals_of_gielinor:mithril_pickaxe":1,"minecraft:spruce_trapdoor":10,"minecraft:egg":1,"minecraft:raw_iron":88,"minecraft:copper_ingot":30,"runecraft_metals_of_gielinor:raw_adamantite":12,"sophisticatedbackpacks:backpack":1,"minecraft:carrot":6,"minecraft:redstone":23,"create:vertical_gearbox":1,"minecraft:arrow":26,"minecraft:gold_ingot":21,"sophisticatedbackpacks:copper_backpack":1,"minecraft:mutton":98,"minecraft:white_wool":76,"runecraft_metals_of_gielinor:mithril_ingot":1,"minecraft:glow_ink_sac":4,"minecraft:leather":29,"create:framed_glass_trapdoor":2,"runecraft_metals_of_gielinor:raw_tin":16,"minecraft:oak_log":126,"runecraft_metals_of_gielinor:mithril_mace":2,"minecraft:golden_boots":1,"minecraft:yellow_bed":1,"minecraft:gunpowder":8,"minecraft:cooked_mutton":8,"minecraft:apple":1,"minecraft:iron_ingot":39,"minecraft:stone_pickaxe":5,"minecraft:cooked_chicken":9,"minecraft:book":12,"minecraft:red_wool":1,"minecraft:dandelion":5,"minecraft:gravel":46,"minecraft:spruce_sapling":8,"minecraft:blast_furnace":11,"minecraft:spruce_log":33,"quark:oak_chest":3,"minecraft:spider_eye":12,"minecraft:purple_bed":1,"minecraft:stone_axe":6,"minecraft:iron_helmet":1,"vanillaplustools:stone_hammer":1,"minecraft:gray_wool":24,"tombstone:magic_scroll":3,"minecraft:coal":510,"minecraft:sunflower":1,"minecraft:wooden_axe":11},"minecraft:crafted":{"biomesoplenty:fir_trapdoor":12,"minecraft:oak_planks":192,"minecraft:cobblestone_slab":24,"minecraft:cooked_chicken":11,"minecraft:stone":3,"spartanweaponry:copper_battle_hammer":1,"runecraft_metals_of_gielinor:mithril_sword":1,"runecraft_metals_of_gielinor:mithril_axe":1,"runecraft_metals_of_gielinor:runite_sword":1,"minecraft:cooked_mutton":29,"create:vertical_gearbox":1,"runecraft_metals_of_gielinor:mithril_mace":1,"minecraft:glass":197,"minecraft:diamond_helmet":1,"minecraft:diamond_leggings":1,"minecraft:iron_boots":24,"create:mechanical_press":1,"biomesoplenty:fir_slab":24,"runecraft_metals_of_gielinor:mithril_pickaxe":1,"minecraft:stone_hoe":2,"create:cogwheel":4,"create_sa:copper_axe":4,"minecraft:smoker":1,"create:depot":1,"minecraft:cooked_porkchop":32,"minecraft:emerald":236,"runecraft_metals_of_gielinor:runite_pickaxe":1,"minecraft:crafting_table":3,"minecraft:spruce_planks":92,"minecraft:wooden_pickaxe":1,"runecraft_metals_of_gielinor:mithril_armor_helmet":1,"minecraft:copper_ingot":56,"minecraft:fletching_table":2,"biomesoplenty:fir_planks":3520,"runecraft_metals_of_gielinor:mithril_armor_chestplate":1,"create:gearbox":1,"create:encased_fan":1,"minecraft:lectern":1,"runecraft_metals_of_gielinor:runite_shovel":1,"create:water_wheel":2,"create:framed_glass_trapdoor":3,"create:framed_glass":3,"minecraft:stick":7572,"quark:oak_chest":5,"minecraft:iron_ingot":56,"minecraft:iron_block":1,"minecraft:stone_sword":1,"create:propeller":1,"minecraft:composter":3,"vanillaplustools:stone_hammer":1,"minecraft:iron_nugget":36,"minecraft:furnace":5,"iceandfire:armor_copper_metal_leggings":1,"minecraft:bone_meal":48,"runecraft_metals_of_gielinor:mithril_ingot":27,"runecraft_metals_of_gielinor:mithril_shovel":1,"minecraft:iron_axe":3,"minecraft:spruce_slab":6,"minecraft:stone_pickaxe":13,"minecraft:diamond_boots":1,"quark:spruce_chest":2,"runecraft_metals_of_gielinor:adamantite_ingot":12,"spartanweaponry:stone_greatsword":2,"create_sa:copper_pickaxe":1,"minecraft:cooked_beef":17,"create:andesite_alloy":23,"create:hand_crank":1,"runecraft_metals_of_gielinor:mithril_kiteshield":1,"spartanweaponry:handle":4,"minecraft:bucket":1,"minecraft:stone_axe":2,"minecraft:enchanted_book":1,"minecraft:bread":4,"minecraft:air":0,"runecraft_metals_of_gielinor:runite_ingot":7,"quark:spruce_bookshelf":1,"minecraft:chainmail_boots":38,"minecraft:wooden_axe":1,"minecraft:stonecutter":1,"minecraft:white_bed":7,"create:shaft":16,"minecraft:torch":8,"minecraft:diamond_chestplate":1}},"DataVersion":3465}