{"stats":{"minecraft:mined":{"create:zinc_ore":9,"biomesoplenty:glowing_moss_block":1,"biomesoplenty:glowshroom":6,"minecraft:brown_mushroom":1,"iceandfire:silver_ore":3,"quark:shale":3,"minecraft:powder_snow":17,"minecraft:crafting_table":1,"minecraft:granite":2,"minecraft:grass_block":5,"minecraft:copper_ore":8,"minecraft:spruce_leaves":4,"minecraft:lapis_ore":4,"minecraft:diorite":34,"minecraft:wall_torch":1,"steam_powered:zinc_ore":2,"minecraft:iron_ore":5,"minecraft:birch_leaves":1,"minecraft:spruce_log":27,"minecraft:andesite":1,"quark:deepslate_furnace":1,"minecraft:coal_ore":49,"minecraft:deepslate_iron_ore":4,"biomesoplenty:webbing":1,"minecraft:dirt":8,"minecraft:cobweb":2,"biomesoplenty:spider_egg":1,"minecraft:stone":131,"minecraft:oak_leaves":3,"minecraft:deepslate":188},"minecraft:custom":{"minecraft:interact_with_furnace":13,"minecraft:mob_kills":9,"minecraft:interact_with_crafting_table":9,"minecraft:leave_game":2,"minecraft:time_since_death":597,"minecraft:time_since_rest":1,"minecraft:sprint_one_cm":71788,"minecraft:damage_taken":1035,"minecraft:walk_one_cm":119748,"minecraft:drop":4,"minecraft:damage_dealt":1390,"minecraft:swim_one_cm":6426,"minecraft:fly_one_cm":106344,"minecraft:open_chest":1,"minecraft:crouch_one_cm":1467,"minecraft:play_time":55085,"tombstone:undead_killed":5,"minecraft:deaths":4,"minecraft:sneak_time":501,"minecraft:walk_under_water_one_cm":7224,"minecraft:jump":817,"minecraft:walk_on_water_one_cm":9540,"minecraft:total_world_time":55085,"minecraft:fall_one_cm":23499},"minecraft:dropped":{"minecraft:brown_mushroom":2,"minecraft:granite":2,"biomesoplenty:glowing_moss_block":1},"minecraft:killed":{"minecraft:spider":1,"minecraft:sheep":1,"minecraft:skeleton":3,"minecraft:zombie":2,"minecraft:fox":1,"minecraft:cow":1},"minecraft:broken":{"minecraft:stone_pickaxe":1,"create_sa:copper_pickaxe":2,"minecraft:wooden_axe":1},"minecraft:killed_by":{"minecraft:stray":1,"minecraft:enderman":1},"minecraft:picked_up":{"minecraft:crafting_table":1,"minecraft:glow_ink_sac":21,"minecraft:andesite":1,"minecraft:leather":2,"minecraft:brown_mushroom":2,"biomesoplenty:glowshroom":6,"create:raw_zinc":9,"minecraft:gunpowder":2,"minecraft:lapis_lazuli":18,"minecraft:string":3,"minecraft:dirt":13,"minecraft:raw_copper":29,"minecraft:bone":5,"minecraft:cobbled_deepslate":142,"minecraft:beef":2,"steam_powered:raw_zinc":2,"minecraft:light_gray_wool":1,"minecraft:raw_iron":9,"minecraft:stick":4,"quark:shale":3,"minecraft:torch":1,"quark:deepslate_furnace":1,"tombstone:grave_dust":2,"minecraft:spruce_sapling":6,"minecraft:diorite":30,"minecraft:spruce_log":25,"biomesoplenty:glowing_moss_block":1,"minecraft:spider_eye":2,"minecraft:arrow":1,"minecraft:granite":2,"minecraft:coal":49,"minecraft:mutton":2,"iceandfire:raw_silver":3,"minecraft:cobblestone":128},"minecraft:crafted":{"minecraft:crafting_table":4,"minecraft:spruce_planks":96,"minecraft:wooden_pickaxe":1,"minecraft:copper_ingot":20,"quark:deepslate_furnace":2,"minecraft:stick":20,"minecraft:iron_pickaxe":1,"minecraft:iron_ingot":9,"minecraft:stone_pickaxe":1,"minecraft:wooden_axe":1,"minecraft:stone_sword":1,"minecraft:torch":8,"create_sa:copper_pickaxe":3},"minecraft:used":{"minecraft:stone_sword":24,"minecraft:stone_pickaxe":133,"minecraft:wooden_pickaxe":23,"create_sa:copper_pickaxe":294,"minecraft:torch":5,"minecraft:dirt":13,"minecraft:crafting_table":5,"minecraft:spruce_log":1,"minecraft:wooden_axe":43,"quark:deepslate_furnace":2,"minecraft:cobblestone":95,"minecraft:beef":2,"tombstone:gift":1}},"DataVersion":3465}