{"stats":{"minecraft:custom":{"minecraft:mob_kills":33,"minecraft:interact_with_crafting_table":45,"minecraft:open_barrel":5,"minecraft:leave_game":3,"minecraft:time_since_death":38815,"minecraft:sprint_one_cm":232735,"minecraft:walk_one_cm":461231,"minecraft:drop":10,"minecraft:play_time":179142,"minecraft:deaths":7,"minecraft:sneak_time":1786,"minecraft:walk_under_water_one_cm":106714,"minecraft:jump":2568,"minecraft:walk_on_water_one_cm":94402,"minecraft:total_world_time":179142,"minecraft:interact_with_furnace":60,"minecraft:interact_with_cartography_table":1,"minecraft:sleep_in_bed":2,"minecraft:time_since_rest":21097,"minecraft:damage_taken":3046,"minecraft:damage_dealt":4232,"minecraft:swim_one_cm":77295,"minecraft:fly_one_cm":248258,"minecraft:open_chest":33,"minecraft:crouch_one_cm":2792,"tombstone:undead_killed":4,"minecraft:fall_one_cm":48099},"minecraft:killed_by":{"minecraft:drowned":1,"artifacts:mimic":1,"minecraft:witch":1,"minecraft:zombie":2},"minecraft:killed":{"alexsmobs:raccoon":2,"minecraft:spider":2,"artifacts:mimic":1,"minecraft:salmon":4,"minecraft:sheep":5,"alexsmobs:catfish":2,"minecraft:zombie":6,"alexsmobs:terrapin":3,"alexsmobs:crow":1,"minecraft:cow":4},"minecraft:mined":{"create:deepslate_zinc_ore":3,"quark:yellow_blossom_leaves":23,"minecraft:granite":4,"minecraft:grass_block":97,"steam_powered:tin_ore":18,"minecraft:tall_seagrass":3,"minecraft:iron_ore":26,"minecraft:cobbled_deepslate":1,"minecraft:fire":1,"minecraft:andesite":2,"minecraft:pumpkin":5,"minecraft:deepslate_iron_ore":3,"minecraft:stone":617,"minecraft:deepslate_redstone_ore":4,"minecraft:glass_pane":2,"minecraft:crafting_table":1,"minecraft:torch":4,"quark:blossom_log":4,"minecraft:tall_grass":8,"minecraft:copper_ore":8,"minecraft:cobblestone":39,"minecraft:lapis_ore":4,"minecraft:sugar_cane":1,"minecraft:diorite":7,"minecraft:wall_torch":3,"minecraft:deepslate_copper_ore":1,"minecraft:seagrass":2,"runecraft_metals_of_gielinor:mithril_ore":4,"minecraft:birch_log":1,"minecraft:yellow_bed":2,"runecraft_metals_of_gielinor:tin_ore":5,"minecraft:grass":23,"minecraft:oak_log":21,"minecraft:coal_ore":62,"minecraft:gravel":1,"minecraft:sand":153,"minecraft:dirt":132,"minecraft:gold_ore":2,"minecraft:oak_leaves":3,"minecraft:deepslate":85},"minecraft:dropped":{"minecraft:wheat_seeds":5,"create_sa:copper_sword":1,"minecraft:iron_pickaxe":1,"minecraft:bucket":1,"minecraft:dandelion":1,"alexsmobs:animal_dictionary":1,"iceandfire:copper_shovel":1,"minecraft:wooden_pickaxe":2,"minecraft:stone_pickaxe":1},"minecraft:used":{"minecraft:iron_sword":48,"minecraft:cooked_salmon":3,"create_sa:copper_pickaxe":392,"minecraft:torch":40,"minecraft:dirt":229,"minecraft:granite":4,"minecraft:wooden_axe":25,"minecraft:lava_bucket":15,"minecraft:furnace":3,"minecraft:cooked_beef":7,"minecraft:cobbled_deepslate":73,"minecraft:cooked_mutton":8,"minecraft:water_bucket":2,"alexsmobs:cooked_catfish":3,"minecraft:stone_pickaxe":211,"minecraft:wooden_pickaxe":45,"minecraft:sand":113,"minecraft:crafting_table":3,"minecraft:white_bed":1,"alexsmobs:terrapin_bucket":1,"iceandfire:copper_shovel":314,"create_sa:copper_sword":77,"minecraft:iron_pickaxe":251,"minecraft:cobblestone":367,"minecraft:bucket":20,"minecraft:andesite":2,"minecraft:glass_pane":144,"minecraft:yellow_bed":2,"quark:oak_chest":5,"minecraft:dandelion":1},"minecraft:broken":{"create_sa:copper_pickaxe":3,"minecraft:stone_pickaxe":1,"iceandfire:copper_shovel":1,"minecraft:iron_pickaxe":1},"minecraft:picked_up":{"minecraft:crafting_table":2,"minecraft:flower_pot":1,"minecraft:wooden_pickaxe":1,"minecraft:string":1,"minecraft:raw_copper":49,"minecraft:cooked_salmon":4,"create_sa:copper_chestplate":1,"minecraft:cobbled_deepslate":73,"minecraft:bucket":2,"minecraft:beef":7,"minecraft:iron_pickaxe":1,"minecraft:sugar_cane":3,"minecraft:stick":8,"minecraft:raw_iron":33,"minecraft:torch":13,"quark:blossom_log":4,"minecraft:diorite":7,"minecraft:redstone":17,"minecraft:rotten_flesh":7,"artifacts:panic_necklace":1,"minecraft:mutton":8,"minecraft:white_wool":5,"minecraft:cobblestone":648,"minecraft:birch_log":1,"minecraft:cooked_beef":6,"minecraft:salmon":4,"minecraft:andesite":2,"minecraft:leather":6,"runecraft_metals_of_gielinor:raw_tin":5,"create_sa:copper_helmet":1,"create:raw_zinc":3,"minecraft:oak_log":20,"minecraft:chainmail_chestplate":1,"minecraft:yellow_bed":2,"minecraft:lapis_lazuli":23,"minecraft:dirt":233,"minecraft:leather_boots":1,"minecraft:cooked_mutton":5,"minecraft:wheat_seeds":8,"minecraft:raw_gold":4,"minecraft:stone_pickaxe":3,"create_sa:copper_pickaxe":1,"artifacts:antidote_vessel":1,"minecraft:fletching_table":1,"create_sa:copper_sword":1,"minecraft:pumpkin":3,"minecraft:dandelion":2,"minecraft:gravel":1,"minecraft:sand":177,"minecraft:ink_sac":3,"alexsmobs:animal_dictionary":2,"minecraft:spider_eye":1,"alexsmobs:raw_catfish":3,"iceandfire:copper_shovel":1,"runecraft_metals_of_gielinor:raw_mithril":4,"steam_powered:raw_tin":18,"minecraft:granite":5,"tombstone:magic_scroll":1,"minecraft:coal":67},"minecraft:crafted":{"minecraft:oak_planks":44,"minecraft:leather_boots":1,"create_sa:copper_chestplate":1,"minecraft:furnace":3,"create_sa:copper_helmet":1,"minecraft:cooked_mutton":8,"minecraft:glass_pane":144,"iceandfire:copper_shovel":1,"minecraft:glass":62,"minecraft:iron_boots":1,"minecraft:stone_pickaxe":4,"alexsmobs:cooked_catfish":3,"create_sa:copper_pickaxe":3,"steam_powered:tin_cog_wheel":6,"minecraft:cooked_beef":7,"minecraft:glass_bottle":3,"minecraft:wooden_shovel":1,"minecraft:crafting_table":2,"minecraft:wooden_pickaxe":1,"minecraft:iron_helmet":1,"minecraft:iron_sword":1,"minecraft:cooked_salmon":4,"minecraft:copper_ingot":37,"steam_powered:tin_ingot":15,"minecraft:bucket":2,"minecraft:iron_chestplate":1,"minecraft:stick":36,"quark:oak_chest":5,"minecraft:iron_pickaxe":1,"minecraft:iron_ingot":18,"minecraft:wooden_axe":2,"minecraft:iron_leggings":1,"create_sa:copper_sword":1,"createarmory:strange_substance":4,"minecraft:white_bed":1,"minecraft:torch":32}},"DataVersion":3465}