{"stats":{"minecraft:picked_up":{"minecraft:crafting_table":1,"minecraft:bone":1,"minecraft:spruce_log":28,"minecraft:coal":5,"minecraft:dirt":5,"minecraft:cobblestone":23},"minecraft:crafted":{"minecraft:crafting_table":1,"minecraft:spruce_planks":36,"minecraft:stick":8,"minecraft:wooden_pickaxe":1,"minecraft:wooden_axe":1},"minecraft:killed_by":{"minecraft:zombie":1},"minecraft:used":{"minecraft:wooden_axe":24,"minecraft:dirt":5,"minecraft:crafting_table":2,"minecraft:wooden_pickaxe":28},"minecraft:mined":{"minecraft:coal_ore":5,"minecraft:grass_block":2,"minecraft:dirt":3,"minecraft:spruce_log":30,"minecraft:stone":23,"minecraft:crafting_table":1},"minecraft:custom":{"minecraft:time_since_rest":3377,"minecraft:crouch_one_cm":774,"minecraft:play_time":39619,"minecraft:sprint_one_cm":14907,"minecraft:damage_taken":310,"minecraft:deaths":1,"minecraft:walk_one_cm":37551,"minecraft:sneak_time":228,"minecraft:jump":135,"minecraft:damage_dealt":260,"minecraft:leave_game":1,"minecraft:time_since_death":3664,"minecraft:total_world_time":39619,"minecraft:interact_with_crafting_table":2,"minecraft:fall_one_cm":5483,"minecraft:fly_one_cm":20396}},"DataVersion":3465}