{"stats":{"minecraft:custom":{"minecraft:mob_kills":30,"minecraft:interact_with_crafting_table":32,"minecraft:open_barrel":2,"minecraft:bell_ring":31,"minecraft:damage_dealt_resisted":132,"minecraft:leave_game":4,"minecraft:time_since_death":0,"minecraft:sprint_one_cm":829359,"minecraft:walk_one_cm":886939,"minecraft:damage_blocked_by_shield":225,"minecraft:drop":46,"minecraft:damage_dealt_absorbed":80,"minecraft:talked_to_villager":46,"minecraft:play_time":230563,"minecraft:deaths":38,"minecraft:sneak_time":4130,"minecraft:walk_under_water_one_cm":9019,"minecraft:jump":2636,"minecraft:interact_with_blast_furnace":8,"minecraft:walk_on_water_one_cm":47846,"minecraft:total_world_time":230563,"minecraft:interact_with_furnace":25,"minecraft:traded_with_villager":34,"minecraft:interact_with_stonecutter":2,"minecraft:sleep_in_bed":5,"minecraft:time_since_rest":237,"minecraft:damage_taken":11893,"minecraft:trigger_trapped_chest":1,"minecraft:damage_dealt":8663,"minecraft:player_kills":2,"minecraft:swim_one_cm":17543,"minecraft:fly_one_cm":184097,"minecraft:open_chest":66,"minecraft:crouch_one_cm":15580,"tombstone:undead_killed":7,"minecraft:interact_with_smoker":7,"minecraft:fall_one_cm":36099},"minecraft:killed_by":{"minecraft:player":5,"minecraft:creeper":1,"minecraft:spider":1,"minecraft:pillager":1,"quark:forgotten":2,"alexsmobs:bison":2,"alexsmobs:murmur_head":1,"minecraft:cave_spider":1,"alexsmobs:centipede_head":1,"minecraft:skeleton":10,"artifacts:mimic":2,"minecraft:zombie":9},"minecraft:killed":{"alexsmobs:hummingbird":1,"minecraft:cave_spider":1,"alexsmobs:raccoon":1,"minecraft:spider":2,"minecraft:skeleton":4,"quark:shiba":1,"minecraft:bee":1,"alexsmobs:bison":2,"minecraft:pig":2,"minecraft:sheep":3,"minecraft:zombie":6,"alexsmobs:crow":1,"minecraft:cow":2},"minecraft:mined":{"create:deepslate_zinc_ore":5,"minecraft:tuff":1,"minecraft:spruce_planks":1,"minecraft:deepslate_diamond_ore":14,"minecraft:glow_lichen":2,"minecraft:spruce_trapdoor":1,"runecraft_metals_of_gielinor:deepslate_runite_ore":1,"minecraft:grass_block":7,"minecraft:spruce_leaves":1,"minecraft:oxeye_daisy":1,"minecraft:redstone_ore":2,"minecraft:raw_iron_block":1,"minecraft:iron_ore":16,"minecraft:cobbled_deepslate":1,"minecraft:moss_carpet":1,"minecraft:pumpkin":1,"minecraft:fletching_table":1,"minecraft:deepslate_lapis_ore":2,"minecraft:bell":1,"minecraft:deepslate_iron_ore":28,"runecraft_metals_of_gielinor:deepslate_mithril_ore":10,"minecraft:stone":43,"minecraft:smithing_table":1,"minecraft:deepslate_redstone_ore":28,"minecraft:poppy":1,"minecraft:rose_bush":2,"minecraft:tall_grass":10,"minecraft:lapis_ore":5,"biomesoplenty:sprout":3,"minecraft:deepslate_gold_ore":29,"minecraft:sugar_cane":3,"runecraft_metals_of_gielinor:mithril_ore":1,"minecraft:birch_log":2,"minecraft:lilac":12,"minecraft:spruce_log":101,"minecraft:yellow_bed":1,"biomesoplenty:fir_log":8,"runecraft_metals_of_gielinor:tin_ore":1,"minecraft:grass":42,"minecraft:oak_log":17,"minecraft:coal_ore":21,"minecraft:dirt":4,"minecraft:cobweb":4,"minecraft:gold_ore":6,"minecraft:oak_leaves":8,"minecraft:deepslate":82,"minecraft:fern":9},"minecraft:dropped":{"biomesoplenty:fir_log":8,"runecraft_metals_of_gielinor:raw_mithril":6,"minecraft:wheat_seeds":3,"minecraft:oak_log":1,"minecraft:lilac":10,"minecraft:crafting_table":1,"runecraft_metals_of_gielinor:mithril_sword":1,"minecraft:iron_helmet":1,"minecraft:copper_ingot":12,"minecraft:coal":70,"minecraft:oxeye_daisy":1,"minecraft:dirt":4,"minecraft:wooden_axe":6,"spartanweaponry:copper_battle_hammer":1,"minecraft:iron_axe":2,"minecraft:iron_pickaxe":1,"spartanweaponry:stone_greatsword":2,"minecraft:string":2,"minecraft:white_wool":3,"alexsmobs:animal_dictionary":1,"minecraft:chicken":3,"minecraft:azure_bluet":1,"minecraft:poppy":2,"runecraft_metals_of_gielinor:raw_tin":1,"minecraft:wooden_pickaxe":1,"minecraft:beef":6,"iceandfire:armor_copper_metal_leggings":1},"minecraft:used":{"minecraft:stone_sword":10,"minecraft:spruce_planks":1,"minecraft:cooked_chicken":1,"minecraft:bell":1,"minecraft:dirt":3,"minecraft:mutton":5,"minecraft:golden_shovel":1,"spartanweaponry:stone_greatsword":139,"minecraft:wooden_axe":60,"minecraft:iron_axe":107,"minecraft:beef":19,"minecraft:furnace":1,"minecraft:gray_bed":1,"tombstone:gift":4,"minecraft:egg":3,"minecraft:cooked_beef":4,"minecraft:cobbled_deepslate":69,"minecraft:pumpkin":1,"minecraft:cooked_mutton":9,"minecraft:stone_pickaxe":31,"minecraft:oak_planks":11,"minecraft:wooden_pickaxe":47,"minecraft:white_wool":3,"runecraft_metals_of_gielinor:mithril_kiteshield":3,"minecraft:iron_pickaxe":167,"runecraft_metals_of_gielinor:mithril_pickaxe":91,"minecraft:stone_axe":3,"runecraft_metals_of_gielinor:mithril_sword":149,"spartanweaponry:copper_battle_hammer":8,"minecraft:cobblestone":7,"minecraft:porkchop":8,"minecraft:yellow_bed":1,"quark:oak_chest":3,"alexsmobs:animal_dictionary":3},"minecraft:picked_up":{"minecraft:crafting_table":1,"minecraft:azure_bluet":2,"minecraft:chicken":6,"minecraft:wooden_pickaxe":10,"steam_powered:steam_handbook":14,"minecraft:string":10,"minecraft:iron_axe":2,"minecraft:raw_copper":174,"minecraft:cobbled_deepslate":92,"spartanweaponry:copper_battle_hammer":2,"minecraft:spruce_planks":1,"minecraft:beef":42,"minecraft:rose_bush":2,"minecraft:poppy":7,"minecraft:iron_pickaxe":1,"minecraft:sugar_cane":36,"runecraft_metals_of_gielinor:mithril_pickaxe":1,"minecraft:spruce_trapdoor":1,"minecraft:furnace":4,"minecraft:egg":3,"minecraft:golden_helmet":1,"minecraft:stick":55,"minecraft:raw_iron":119,"iceandfire:armor_copper_metal_leggings":1,"minecraft:copper_ingot":87,"minecraft:torch":4,"minecraft:porkchop":41,"tombstone:grave_dust":2,"minecraft:redstone":122,"minecraft:stone_sword":16,"minecraft:arrow":19,"minecraft:rotten_flesh":14,"runecraft_metals_of_gielinor:mithril_kiteshield":1,"sophisticatedbackpacks:copper_backpack":1,"spartanweaponry:stone_greatsword":14,"minecraft:mutton":9,"minecraft:white_wool":27,"minecraft:cobblestone":112,"minecraft:oxeye_daisy":3,"minecraft:birch_log":4,"minecraft:cooked_beef":4,"minecraft:feather":51,"minecraft:lilac":15,"runecraft_metals_of_gielinor:mithril_ingot":1,"runecraft_metals_of_gielinor:mithril_sword":2,"minecraft:leather":2,"minecraft:smoker":1,"biomesoplenty:fir_log":11,"alexsmobs:bison_fur":16,"runecraft_metals_of_gielinor:raw_tin":4,"create:raw_zinc":5,"minecraft:oak_log":44,"minecraft:yellow_bed":1,"minecraft:lapis_lazuli":49,"minecraft:dirt":18,"tombstone:gift":1,"minecraft:cooked_mutton":7,"minecraft:bone":7,"minecraft:wheat_seeds":28,"minecraft:raw_gold":32,"minecraft:bell":1,"minecraft:iron_ingot":25,"minecraft:stone_pickaxe":5,"minecraft:cooked_chicken":1,"minecraft:fletching_table":1,"minecraft:oak_planks":280,"minecraft:pumpkin":1,"minecraft:raw_iron_block":1,"minecraft:spruce_sapling":5,"minecraft:spruce_log":99,"runecraft_metals_of_gielinor:mithril_armor_helmet":1,"alexsmobs:animal_dictionary":22,"quark:oak_chest":3,"minecraft:spider_eye":11,"minecraft:diamond":14,"minecraft:stone_axe":4,"runecraft_metals_of_gielinor:raw_mithril":20,"minecraft:iron_helmet":1,"minecraft:bone_meal":4,"minecraft:gray_wool":14,"minecraft:emerald":32,"minecraft:oak_sapling":1,"runecraft_metals_of_gielinor:mithril_armor_chestplate":1,"minecraft:coal":293,"minecraft:wooden_axe":11},"minecraft:crafted":{"minecraft:oak_planks":24,"iceandfire:armor_copper_metal_leggings":1,"runecraft_metals_of_gielinor:mithril_ingot":11,"minecraft:cooked_mutton":2,"minecraft:diamond_leggings":1,"minecraft:iron_boots":1,"minecraft:iron_axe":1,"minecraft:stone_pickaxe":1,"minecraft:diamond_boots":1,"minecraft:gray_bed":1,"minecraft:emerald":31,"minecraft:spruce_planks":4,"minecraft:iron_helmet":1,"minecraft:stone_axe":1,"minecraft:iron_chestplate":1,"minecraft:stick":844,"minecraft:iron_pickaxe":1,"minecraft:iron_ingot":25,"minecraft:wooden_axe":1,"minecraft:stone_sword":1,"minecraft:gold_ingot":27,"create:zinc_ingot":5,"minecraft:diamond_chestplate":1}},"DataVersion":3465}