{"stats":{"minecraft:crafted":{"minecraft:wooden_sword":1,"minecraft:cooked_porkchop":3,"minecraft:crafting_table":1,"minecraft:cooked_mutton":5,"minecraft:air":0,"biomesoplenty:fir_planks":8,"minecraft:stick":8,"minecraft:wooden_axe":2,"spartanweaponry:stone_greatsword":1},"minecraft:used":{"minecraft:cooked_mutton":5,"minecraft:dirt":4,"minecraft:crafting_table":1,"spartanweaponry:stone_greatsword":20,"minecraft:wooden_axe":4,"minecraft:lilac":1,"minecraft:wooden_sword":34,"minecraft:beef":1,"minecraft:cooked_porkchop":3,"alexsmobs:animal_dictionary":1,"biomesoplenty:fir_log":1},"minecraft:picked_up":{"minecraft:wooden_axe":2,"minecraft:crafting_table":1,"minecraft:feather":8,"minecraft:lilac":1,"spartanweaponry:handle":1,"minecraft:chicken":2,"minecraft:brown_wool":1,"minecraft:leather":1,"minecraft:wooden_pickaxe":1,"minecraft:smoker":1,"biomesoplenty:fir_log":5,"minecraft:dirt":9,"minecraft:string":2,"minecraft:wooden_sword":1,"minecraft:iron_shovel":1,"minecraft:bone":2,"minecraft:wheat_seeds":7,"biomesoplenty:fir_planks":1,"minecraft:beef":6,"minecraft:poppy":1,"minecraft:sugar_cane":10,"minecraft:oak_planks":9,"minecraft:stick":12,"minecraft:cooked_porkchop":3,"minecraft:porkchop":13,"minecraft:arrow":3,"minecraft:rotten_flesh":1,"minecraft:gray_wool":4,"minecraft:mutton":7,"minecraft:white_wool":1,"minecraft:cobblestone":36},"minecraft:killed":{"minecraft:pig":6,"minecraft:sheep":4,"minecraft:zombie":4,"minecraft:chicken":2},"minecraft:mined":{"minecraft:crafting_table":1,"minecraft:grass_block":2,"minecraft:tall_grass":1,"biomesoplenty:fir_log":3,"minecraft:grass":14,"biomesoplenty:fir_leaves":1,"minecraft:dirt":3,"minecraft:fern":2},"minecraft:killed_by":{"minecraft:player":2,"minecraft:zombie":1},"minecraft:custom":{"minecraft:mob_kills":16,"minecraft:interact_with_crafting_table":5,"minecraft:leave_game":3,"minecraft:time_since_death":22514,"minecraft:time_since_rest":22551,"minecraft:sprint_one_cm":80722,"minecraft:damage_taken":1485,"minecraft:walk_one_cm":77405,"minecraft:drop":33,"minecraft:damage_dealt":1843,"minecraft:swim_one_cm":3416,"minecraft:fly_one_cm":75240,"minecraft:open_chest":1,"minecraft:crouch_one_cm":921,"minecraft:play_time":33628,"minecraft:deaths":3,"minecraft:sneak_time":214,"minecraft:walk_under_water_one_cm":203,"minecraft:jump":498,"minecraft:walk_on_water_one_cm":506,"minecraft:interact_with_smoker":5,"minecraft:total_world_time":33628,"minecraft:fall_one_cm":14536},"minecraft:dropped":{"minecraft:porkchop":6,"minecraft:sugar_cane":10,"minecraft:wheat_seeds":7,"minecraft:rotten_flesh":1,"minecraft:feather":6,"minecraft:cobblestone":19,"minecraft:smoker":1,"minecraft:leather":1,"minecraft:stick":5,"minecraft:poppy":1,"minecraft:dirt":2,"minecraft:gray_wool":3,"biomesoplenty:fir_planks":1,"minecraft:mutton":4,"minecraft:wooden_axe":2,"minecraft:wooden_sword":1,"minecraft:wooden_pickaxe":1,"minecraft:beef":1,"minecraft:iron_shovel":1,"minecraft:string":2,"minecraft:white_wool":1}},"DataVersion":3465}