{"stats":{"minecraft:killed":{"minecraft:sheep":1,"minecraft:zombie":2,"minecraft:pig":2,"minecraft:chicken":3,"minecraft:spider":1},"minecraft:picked_up":{"minecraft:stick":1,"minecraft:crafting_table":1,"minecraft:feather":2,"minecraft:cooked_beef":2,"minecraft:chicken":3,"minecraft:porkchop":4,"minecraft:spruce_sapling":3,"spartanweaponry:copper_saber":2,"minecraft:spruce_log":7,"minecraft:spider_eye":1,"minecraft:string":1,"minecraft:rotten_flesh":1,"minecraft:wheat_seeds":4,"alexsmobs:maggot":1,"minecraft:oak_sapling":1,"minecraft:black_wool":1,"minecraft:mutton":1,"minecraft:cobblestone":1},"minecraft:crafted":{"minecraft:crafting_table":1,"minecraft:spruce_planks":28},"minecraft:dropped":{"spartanweaponry:copper_saber":1,"minecraft:oak_sapling":1},"minecraft:killed_by":{"minecraft:skeleton":1,"minecraft:spider":1,"minecraft:zombie":1},"minecraft:used":{"minecraft:spruce_planks":8,"minecraft:spruce_sapling":3,"minecraft:cobblestone":1,"spartanweaponry:copper_saber":46,"minecraft:cooked_beef":2},"minecraft:mined":{"minecraft:spruce_log":7,"minecraft:powder_snow":14,"minecraft:crafting_table":1,"minecraft:grass":20,"minecraft:tall_grass":3,"minecraft:spruce_leaves":2,"minecraft:oak_leaves":10},"minecraft:custom":{"minecraft:time_since_rest":3501,"minecraft:interact_with_furnace":2,"minecraft:sprint_one_cm":126719,"minecraft:damage_taken":957,"minecraft:walk_one_cm":107618,"minecraft:mob_kills":9,"minecraft:drop":2,"minecraft:damage_dealt":1228,"minecraft:swim_one_cm":21170,"minecraft:fly_one_cm":144876,"minecraft:open_chest":1,"minecraft:crouch_one_cm":459,"minecraft:play_time":46167,"tombstone:undead_killed":2,"minecraft:deaths":3,"minecraft:sneak_time":161,"minecraft:walk_under_water_one_cm":13223,"minecraft:jump":681,"minecraft:leave_game":4,"minecraft:walk_on_water_one_cm":5086,"minecraft:time_since_death":5137,"minecraft:total_world_time":46167,"minecraft:fall_one_cm":14225}},"DataVersion":3465}