{
  "minecraft:adventure/adventuring_time": {
    "criteria": {
      "minecraft:taiga": "2024-06-26 01:57:04 +0000",
      "minecraft:river": "2024-06-26 00:31:30 +0000",
      "minecraft:snowy_plains": "2024-06-26 01:11:23 +0000",
      "minecraft:forest": "2024-06-25 22:44:06 +0000",
      "minecraft:flower_forest": "2024-06-26 01:49:25 +0000",
      "minecraft:meadow": "2024-06-26 01:10:25 +0000",
      "minecraft:plains": "2024-06-26 00:31:47 +0000"
    },
    "done": false
  },
  "farmersdelight:main/root": {
    "criteria": {
      "seeds": "2024-06-26 00:08:34 +0000"
    },
    "done": true
  },
  "create:root": {
    "criteria": {
      "0": "2024-06-26 00:08:34 +0000"
    },
    "done": true
  },
  "morevillagers:root": {
    "criteria": {
      "always": "2024-06-26 00:08:35 +0000"
    },
    "done": true
  },
  "cataclysm:root": {
    "criteria": {
      "custom_test_name": "2024-06-26 00:24:11 +0000"
    },
    "done": true
  },
  "minecraft:story/root": {
    "criteria": {
      "crafting_table": "2024-06-26 00:27:34 +0000"
    },
    "done": true
  },
  "minecraft:husbandry/balanced_diet": {
    "criteria": {
      "cooked_porkchop": "2024-06-26 00:38:23 +0000",
      "cooked_mutton": "2024-06-26 00:39:12 +0000",
      "cooked_beef": "2024-06-26 01:38:55 +0000",
      "apple": "2024-06-26 00:27:53 +0000",
      "bread": "2024-06-26 23:23:23 +0000",
      "golden_apple": "2024-06-26 23:29:37 +0000",
      "cooked_chicken": "2024-06-26 00:49:02 +0000",
      "carrot": "2024-06-26 01:12:47 +0000"
    },
    "done": false
  },
  "minecraft:husbandry/root": {
    "criteria": {
      "consumed_item": "2024-06-26 00:27:53 +0000"
    },
    "done": true
  },
  "minecraft:adventure/root": {
    "criteria": {
      "killed_something": "2024-06-26 00:28:10 +0000"
    },
    "done": true
  },
  "biomesoplenty:biomesoplenty/all_biomes": {
    "criteria": {
      "shrubland": "2024-06-26 01:12:59 +0000",
      "field": "2024-06-26 01:57:46 +0000",
      "orchard": "2024-06-26 01:14:28 +0000",
      "lavender_forest": "2024-06-26 01:13:04 +0000",
      "coniferous_forest": "2024-06-26 01:51:42 +0000",
      "redwood_forest": "2024-06-26 01:15:20 +0000",
      "dune_beach": "2024-06-26 01:50:17 +0000",
      "lavender_field": "2024-06-26 01:51:00 +0000",
      "fir_clearing": "2024-06-26 00:34:38 +0000",
      "prairie": "2024-06-26 01:50:18 +0000"
    },
    "done": false
  },
  "biomesoplenty:biomesoplenty/root": {
    "criteria": {
      "fir_clearing": "2024-06-26 00:34:38 +0000"
    },
    "done": true
  },
  "minecraft:story/mine_stone": {
    "criteria": {
      "get_stone": "2024-06-26 00:34:59 +0000"
    },
    "done": true
  },
  "minecraft:story/upgrade_tools": {
    "criteria": {
      "stone_pickaxe": "2024-06-26 00:35:16 +0000"
    },
    "done": true
  },
  "morevillagers:all_workstations_get": {
    "criteria": {
      "oceanographytable": "2024-06-26 21:46:50 +0000",
      "fletchingtable": "2024-06-26 21:24:44 +0000",
      "smoker": "2024-06-26 00:36:44 +0000",
      "smithingtable": "2024-06-26 21:53:40 +0000",
      "blastfurnace": "2024-06-26 21:18:29 +0000",
      "lectern": "2024-06-26 23:05:18 +0000",
      "stonecutter": "2024-06-26 22:41:25 +0000",
      "composter": "2024-06-26 21:47:52 +0000"
    },
    "done": false
  },
  "morevillagers:first_workstation_get": {
    "criteria": {
      "smoker": "2024-06-26 00:36:44 +0000"
    },
    "done": true
  },
  "minecraft:adventure/kill_all_mobs": {
    "criteria": {
      "minecraft:pillager": "2024-06-26 01:12:26 +0000",
      "minecraft:skeleton": "2024-06-26 00:42:42 +0000",
      "minecraft:spider": "2024-06-26 00:42:07 +0000",
      "minecraft:creeper": "2024-06-26 01:28:19 +0000",
      "minecraft:cave_spider": "2024-06-26 22:01:45 +0000",
      "minecraft:enderman": "2024-06-26 23:28:31 +0000",
      "minecraft:zombie": "2024-06-26 00:42:48 +0000"
    },
    "done": false
  },
  "minecraft:adventure/kill_a_mob": {
    "criteria": {
      "minecraft:spider": "2024-06-26 00:42:07 +0000"
    },
    "done": true
  },
  "spartanweaponry:greatsword": {
    "criteria": {
      "has_greatsword": "2024-06-26 00:48:19 +0000"
    },
    "done": true
  },
  "spartanweaponry:root": {
    "criteria": {
      "has_handle": "2024-06-26 00:49:39 +0000"
    },
    "done": true
  },
  "alexsmobs:alexsmobs/seagull_steal": {
    "criteria": {
      "ex": "2024-06-26 01:18:29 +0000"
    },
    "done": true
  },
  "create:copper": {
    "criteria": {
      "0": "2024-06-26 01:24:03 +0000"
    },
    "done": true
  },
  "spartanweaponry:battle_hammer": {
    "criteria": {
      "has_battle_hammer": "2024-06-26 01:27:08 +0000"
    },
    "done": true
  },
  "minecraft:story/smelt_iron": {
    "criteria": {
      "iron": "2024-06-26 01:45:42 +0000"
    },
    "done": true
  },
  "morevillagers:first_village": {
    "criteria": {
      "taiga": "2024-06-26 01:52:10 +0000"
    },
    "done": true
  },
  "morevillagers:all_villages": {
    "criteria": {
      "taiga": "2024-06-26 01:52:10 +0000"
    },
    "done": false
  },
  "minecraft:story/obtain_armor": {
    "criteria": {
      "iron_helmet": "2024-06-26 01:58:37 +0000"
    },
    "done": true
  },
  "iceandfire:iceandfire/root": {
    "criteria": {
      "tick": "2024-06-26 21:05:35 +0000"
    },
    "done": true
  },
  "dungeons_arise:wda_root": {
    "criteria": {
      "WDA": "2024-06-26 21:05:35 +0000"
    },
    "done": true
  },
  "tombstone:adventure/root": {
    "criteria": {
      "auto": "2024-06-26 21:05:44 +0000"
    },
    "done": true
  },
  "minecraft:adventure/sleep_in_bed": {
    "criteria": {
      "slept_in_bed": "2024-06-26 21:22:27 +0000"
    },
    "done": true
  },
  "morevillagers:all_professions_traded": {
    "criteria": {
      "fletcher": "2024-06-26 21:25:13 +0000",
      "librarian": "2024-06-26 23:10:11 +0000",
      "armorer": "2024-06-26 21:48:06 +0000"
    },
    "done": false
  },
  "morevillagers:first_trade": {
    "criteria": {
      "villagertrade": "2024-06-26 21:25:13 +0000"
    },
    "done": true
  },
  "minecraft:adventure/trade": {
    "criteria": {
      "traded": "2024-06-26 21:25:13 +0000"
    },
    "done": true
  },
  "tombstone:adventure/find_grave_dust": {
    "criteria": {
      "from_undead": "2024-06-26 21:36:31 +0000"
    },
    "done": true
  },
  "tombstone:recipes/from_grave_dust": {
    "criteria": {
      "has_ingredient": "2024-06-26 21:36:33 +0000"
    },
    "done": true
  },
  "tombstone:adventure/first_grave": {
    "criteria": {
      "coded_trigger": "2024-06-26 21:37:07 +0000"
    },
    "done": true
  },
  "tombstone:recipes/from_grave_key": {
    "criteria": {
      "has_ingredient": "2024-06-26 21:37:09 +0000"
    },
    "done": true
  },
  "tombstone:adventure/cancel_ghostly_shape": {
    "criteria": {
      "coded_trigger": "2024-06-26 21:37:27 +0000"
    },
    "done": true
  },
  "tombstone:adventure/first_knowledge": {
    "criteria": {
      "coded_trigger": "2024-06-26 21:37:27 +0000"
    },
    "done": true
  },
  "tombstone:adventure/ashes_and_bones": {
    "criteria": {
      "coded_trigger": "2024-06-26 21:39:51 +0000"
    },
    "done": true
  },
  "minecraft:story/iron_tools": {
    "criteria": {
      "iron_pickaxe": "2024-06-26 21:42:50 +0000"
    },
    "done": true
  },
  "alexsmobs:alexsmobs/murmur": {
    "criteria": {
      "killed_by": "2024-06-26 22:05:13 +0000"
    },
    "done": true
  },
  "minecraft:story/lava_bucket": {
    "criteria": {
      "lava_bucket": "2024-06-26 22:42:44 +0000"
    },
    "done": true
  },
  "create:encased_fan": {
    "criteria": {
      "0": "2024-06-26 22:39:58 +0000"
    },
    "done": true
  },
  "create:andesite_alloy": {
    "criteria": {
      "0": "2024-06-26 22:36:03 +0000"
    },
    "done": true
  },
  "create:water_wheel": {
    "criteria": {
      "0": "2024-06-26 22:36:48 +0000"
    },
    "done": true
  },
  "tombstone:adventure/bone_crusher": {
    "criteria": {
      "coded_trigger": "2024-06-26 23:23:45 +0000"
    },
    "done": true
  },
  "create:andesite_casing": {
    "criteria": {
      "0": "2024-06-26 22:37:34 +0000"
    },
    "done": true
  },
  "morevillagers:master_trade": {
    "criteria": {
      "villagertrade": "2024-06-26 22:50:01 +0000"
    },
    "done": true
  },
  "create:mechanical_press": {
    "criteria": {
      "0": "2024-06-26 22:38:40 +0000"
    },
    "done": true
  },
  "minecraft:story/shiny_gear": {
    "criteria": {
      "diamond_leggings": "2024-06-26 22:06:54 +0000"
    },
    "done": true
  },
  "artifacts:amateur_archaeologist": {
    "criteria": {
      "find_artifact": "2024-06-26 22:03:01 +0000"
    },
    "done": true
  },
  "minecraft:husbandry/plant_seed": {
    "criteria": {
      "wheat": "2024-06-26 23:00:28 +0000"
    },
    "done": true
  },
  "create:fan_processing": {
    "criteria": {
      "0": "2024-06-26 22:44:34 +0000"
    },
    "done": true
  },
  "tombstone:adventure/chain_death": {
    "criteria": {
      "coded_trigger": "2024-06-26 22:02:54 +0000"
    },
    "done": true
  },
  "tombstone:adventure/strong_or_careful": {
    "criteria": {
      "coded_trigger": "2024-06-26 23:31:47 +0000"
    },
    "done": true
  },
  "minecraft:story/mine_diamond": {
    "criteria": {
      "diamond": "2024-06-26 22:00:42 +0000"
    },
    "done": true
  },
  "farmersdelight:main/plant_all_crops": {
    "criteria": {
      "sugar_cane": "2024-06-26 23:12:54 +0000",
      "potato": "2024-06-26 22:32:47 +0000",
      "wheat": "2024-06-26 23:00:28 +0000"
    },
    "done": false
  },
  "DataVersion": 3465
}